Water Category,Method Name,Description,Advantages
Contaminated water,Solar Disinfection,"Note : ""If the water is very dark colored, it is advised not to reuse it and to dispose of it safely. Otherwise, please follow the instructions of the method below.""                   1. Fill clear plastic bottles with contaminated water.
2. Place the bottles in direct sunlight for at least six hours, or longer on cloudy days.
3. The UV radiation from the sun will help to kill pathogens and make the water safer.
4. Ensure bottles are clean and free from scratches to maximize UV penetration.
5. This method is cost-effective and utilizes renewable energy, making it environmentally friendly.
6. Solar disinfection is particularly useful in sunny climates.
7. The water can be used for drinking, cooking, or any other non-potable purposes after treatment.
8. This method does not remove chemical contaminants, so it's best for biological pathogens.
9. Consider using a thermometer to check water temperature; it should reach 50°C for optimal results.
10. Educating communities about this method can enhance access to safe drinking water.",Uses renewable energy; low cost
Contaminated water,Ceramic Filtration,"Note : ""If the water is very dark colored, it is advised not to reuse it and to dispose of it safely. Otherwise, please follow the instructions of the method below.""                   1. Use a ceramic filter, often combined with activated carbon, to purify contaminated water.
2. The porous structure of ceramic filters traps bacteria and larger particles as water passes through.
3. Rinse the filter with clean water before use to remove any dust or particles.
4. This method effectively reduces microbial contamination, making the water safer to drink.
5. The filter can be cleaned periodically to maintain its effectiveness.
6. Place the filter on top of a clean container to collect the filtered water.
7. Ceramic filtration does not remove chemical pollutants, so it is most effective for biological contaminants.
8. This method is ideal for rural areas where access to safe drinking water is limited.
9. Regularly inspect the filter for cracks or damages to ensure proper functionality.
10. The filtered water can be safely used for drinking, cooking, and washing fruits and vegetables.",Effective for removing pathogens and particulates
Partially Reclaimable water,Cloth Filtration,"1. Use a clean cloth, such as a cotton or linen, to filter out larger particles from greywater.
2. Pour the greywater slowly through the cloth, allowing the liquid to pass through while retaining solids.
3. This method is simple and can be done with household materials, making it accessible.
4. Rinse the cloth regularly to maintain cleanliness and avoid contamination.
5. Cloth filtration effectively removes visible debris, making the water clearer.
6. Filtered water can be reused for irrigation, cleaning, or other non-potable uses.
7. This method is not effective for removing pathogens or chemicals, so additional treatment may be necessary.
8. Ideal for households looking for low-cost water reclamation methods.
9. Regular practice encourages responsible water usage and minimizes waste.
10. Always store filtered water in a clean container to avoid recontamination.",Simple and inexpensive
Partially Reclaimable water,Sand Filtration,"1. Construct a simple sand filter using layers of gravel, sand, and activated carbon in a container.
2. Pour greywater through the filter, allowing it to pass through each layer, which removes impurities.
3. The sand traps particles, while activated carbon absorbs odors and chemical pollutants.
4. Rinse the filter regularly to maintain its effectiveness and prevent clogging.
5. This method significantly improves water quality for non-potable uses.
6. Ensure the filter is built correctly to optimize flow rates and filtration efficiency.
7. Ideal for household water recycling systems or community projects.
8. Filtered water can be reused for irrigation, cleaning, or toilet flushing.
9. Regular monitoring of water quality is essential to assess the filter's effectiveness.
10. Educating users on maintenance can enhance the longevity and functionality of the system.",Effective for removing suspended particles
Treatable/Recyclable water,Activated Carbon,"1. Water passes through activated carbon filters, which adsorb contaminants and impurities.
2. These filters are effective in removing chlorine, sediment, and volatile organic compounds.
3. Install the filter in a dedicated filtration system or use a pitcher with a built-in filter.
4. Replace filters according to the manufacturer's recommendations to ensure optimal performance.
5. This method improves the taste and odor of water, making it more palatable.
6. Activated carbon does not remove all pathogens, so it's best used in combination with other purification methods.
7. The filtered water can be used for drinking, cooking, and preparing beverages.
8. Regularly monitor the system for clogs or decreased flow rates to maintain efficiency.
9. Ideal for households looking for a simple and effective water purification solution.
10. Educating family members about filter maintenance can enhance water safety at home.",Improves taste and removes chlorine
Treatable/Recyclable Water,Boiling,"1. Bring water to a rolling boil for at least one minute.
2. At higher altitudes, boil for at least three minutes to ensure safety.
3. Boiling effectively kills bacteria, viruses, and parasites, making the water safe for consumption.
4. Allow the water to cool naturally before transferring it to a clean container.
5. Boiling is a simple and reliable method to purify contaminated water.
6. It is crucial to use a clean pot or kettle to prevent recontamination.
7. This method is particularly useful in emergencies or when other purification methods are unavailable.
8. Boiled water can be used for drinking, cooking, or rehydrating foods.
9. Ensure to cool the water in a sanitized container to avoid reinfection.
10. Regular practice of this method can significantly improve water safety in households.",Simple and effective for small quantities
Clean/Reusable water,Reuse for Irrigation,"1. Collect clean greywater from sinks, showers, and laundry by using a designated container or system designed for greywater collection.
2. Ensure that no harmful chemicals are present in the greywater by using biodegradable soaps and cleaning products during household chores.
3. Filter the collected greywater to remove any solid particles before use in irrigation.
4. Use the filtered greywater to irrigate plants, gardens, and lawns, ensuring that the water is applied directly to the soil to minimize contact with plant leaves.
5. Monitor the health of the plants and soil to ensure that the greywater is beneficial and not causing any adverse effects.
6. Educate household members on the importance of water conservation and the safe practices of using greywater for irrigation.
7. Create a schedule for watering plants using greywater to optimize water use efficiency and plant growth.
8. Store the greywater in a cool, dark place to prevent odors and the growth of bacteria before applying it to gardens.
9. Avoid using greywater from sources that may contain high levels of contaminants, such as water from toilets.
10. This method significantly reduces water waste and can improve soil quality by adding nutrients, benefiting garden health and productivity.",Reduces water waste; benefits plants
Clean/Reusable water,Reuse for Cleaning,"1. Collect clean greywater from sinks, showers, and laundry using a clean and designated container for easy reuse.
2. Ensure that no harmful chemicals are present by using eco-friendly and biodegradable cleaning products to minimize environmental impact.
3. Filter the collected greywater to remove any solid particles before using it for cleaning.
4. Use the filtered greywater for various cleaning tasks, such as washing floors, cars, and outdoor areas, ensuring proper dilution if necessary.
5. Establish a cleaning routine that incorporates greywater usage, promoting efficiency and reducing freshwater consumption.
6. Educate household members on the benefits of using greywater for cleaning to encourage widespread participation.
7. Monitor the effectiveness of greywater in cleaning tasks and make adjustments to the collection and reuse methods as needed.
8. Store the greywater in a well-ventilated area to prevent any unpleasant odors before use.
9. Consider using greywater for pressure washing outdoor surfaces, as it can help conserve potable water while still achieving effective cleaning results.
10. This method not only conserves water resources but also reduces utility costs, making it an eco-friendly cleaning alternative.",Reduces water waste
Clean/Reusable water,Reuse for Drinking and Cooking,"1. Ensure the water collected is clean and drinkable by using a filtration system or purification method that removes contaminants and pathogens.
2. Use the purified water for drinking, filling reusable bottles to reduce plastic waste and promote sustainability.
3. Utilize the clean water for cooking by adding it to soups, stews, or any recipes that require water as an ingredient.
4. Ensure the water quality is regularly tested to maintain safety for consumption and cooking purposes.
5. Store the clean water in a clean, airtight container to prevent contamination and maintain its quality.
6. Educate family members about the importance of using treated water for drinking and cooking to foster responsible water use habits.
7. Encourage the use of this water in recipes that require boiling or steaming, as it can help improve the flavor of the food.
8. Consider using the water for making beverages like tea or coffee, enhancing taste and reducing the need for bottled water.
9. Provide guidance on proper handling and storage techniques to keep the water safe for consumption over time.
10. This method not only promotes sustainable water usage but also enhances culinary experiences by using high-quality water.",Reduces water waste
Contaminated water,Activated Carbon Filtration,"Note : ""If the water is very dark colored, it is advised not to reuse it and to dispose of it safely. Otherwise, please follow the instructions of the method below.""                   1. Purchase an activated carbon filter from a reputable store or online supplier, selecting one that meets your water quality needs.
2. Carefully read and follow the manufacturer’s instructions to attach the filter to your water source, ensuring a secure fit to prevent leaks.
3. Pass the water through the activated carbon filter to remove contaminants such as chlorine, sediment, and organic compounds, enhancing taste and odor.
4. Regularly check the filter for any signs of clogging or reduced flow, which may indicate the need for replacement.
5. Replace the filter cartridges as recommended by the manufacturer, typically every 2 to 6 months, depending on usage and water quality.
6. Store the filtered water in clean, sanitized containers to maintain its purity and avoid recontamination.
7. Use the filtered water for household purposes, ensuring a safe and pleasant experience.
8. Monitor the performance of the activated carbon filter to assess its effectiveness and determine if additional filtration methods are needed.
9. Educate household members about the importance of using filtered water and maintaining the filtration system for optimal health benefits.
10. This method significantly improves water quality, making it safer for consumption and enhancing overall taste, contributing to a healthier lifestyle.","Effective for removing organic compounds, chlorine, and odors."
Contaminated water,UV Disinfection,"Note : ""If the water is very dark colored, it is advised not to reuse it and to dispose of it safely. Otherwise, please follow the instructions of the method below.""                   1. Use a UV water purification system to expose water to ultraviolet light.
2. This method effectively kills bacteria, viruses, and protozoa in the water.
3. Ensure the water is clear for optimal UV penetration; turbidity can reduce effectiveness.
4. Fill the UV chamber with water and allow it to pass through the UV light source for a specified time.
5. UV disinfection does not remove chemical contaminants, so it should be combined with other methods.
6. The purified water can be used for cooking, and any applications requiring safe water.
7. Regularly maintain the UV system by cleaning the quartz sleeve and replacing lamps as needed.
8. This method is fast and efficient, often purifying water in a matter of minutes.
9. Ideal for households and communities that require a reliable source of safe reusable water.
10. Training users on the system's operation can improve overall water safety.",Effective for inactivating bacteria and viruses without chemicals.
Partially Reclaimable water,Biosand Filter,"1. Construct a biosand filter using layers of gravel, sand, and a biological layer of microorganisms.
2. The biological layer helps break down contaminants as water passes through.
3. This filter is effective in removing pathogens, sediment, and some chemical contaminants.
4. Allow the filter to rest for a few days before use to establish a healthy biological layer.
5. Regularly clean the surface of the sand to maintain flow rates and effectiveness.
6. This method is a sustainable option for communities lacking access to clean water.
7. Filtered water can be used for drinking, cooking, and irrigation, promoting public health.
8. Regular monitoring of water quality ensures safety for consumption.
9. Ideal for rural areas or communities seeking low-cost water purification solutions.
10. Encourage local education programs to teach communities about building and maintaining biosand filters.","Effective for removing pathogens and turbidity, low maintenance."
Partially Reclaimable water,Slow Sand Filtration,"1. Create a slow sand filter using layers of sand and gravel in a container.
2. Water is poured onto the sand, where it flows slowly through, trapping sediments and microorganisms.
3. This method effectively reduces turbidity and improves water quality for non-potable uses.
4. The filtration process allows for biological growth on the sand, enhancing purification.
5. Regularly monitor the filter to prevent clogging and maintain efficiency.
6. This method is ideal for communities with limited access to clean water.
7. Filtered water can be reused for irrigation, washing, or toilet flushing.
8. Consider community training programs for building and maintaining these filters.
9. Regular maintenance can prolong the life of the filter and improve water safety.
10. Educating families about the importance of clean water can encourage responsible usage.","Effective for pathogen removal, long lifespan of the filter."
Treatable/Recyclable Water,Greywater Recycling Systems,"1. Implement a greywater recycling system that collects wastewater from sinks, showers, and laundry.
2. This system treats the greywater through filtration and biological processes.
3. Treated greywater is safe for irrigation and can be reused for flushing toilets.
4. Using greywater helps conserve freshwater resources, promoting sustainability.
5. Regular maintenance and monitoring are crucial for system performance and water quality.
6. Encourage the use of biodegradable soaps to minimize harmful chemicals in recycled water.
7. Implementing these systems can significantly reduce household water bills.
8. Education on proper greywater use can enhance public awareness of water conservation.
9. This method contributes to a circular economy by reducing waste and promoting reuse.
10. Collaborate with local governments to promote greywater recycling initiatives.","Reduces freshwater consumption, conserves water."
Treatable/Recyclable Water,Constructed Wetlands,"1. Create constructed wetlands to treat greywater naturally using plants and microorganisms.
2. Water flows through soil and vegetation, which filter out contaminants and absorb nutrients.
3. This method mimics natural wetland ecosystems, providing efficient water treatment.
4. Regular maintenance, including plant harvesting and monitoring water quality, is essential.
5. Constructed wetlands enhance landscape aesthetics while treating wastewater.
6. The treated water can be reused for irrigation, landscaping, or other non-potable purposes.
7. This method also supports local wildlife and promotes biodiversity.
8. Educating communities about constructed wetlands encourages sustainable practices.
9. Collaborate with environmental organizations to promote these systems in urban areas.
10. This approach contributes to healthier ecosystems and improved water quality.","Natural and sustainable, effective for nutrient removal."
Clean/Reusable water,Rainwater Harvesting,"1. Set up a rainwater harvesting system to collect rainwater from roofs and surfaces.
2. Use gutters and downspouts to direct water into storage tanks for future use.
3. Filter the collected rainwater to remove debris and contaminants.
4. This method provides an alternative water source for irrigation, washing, and toilet flushing.
5. Regular maintenance of the system is crucial to ensure clean and safe water collection.
6. Rainwater is naturally soft and free of chlorine, making it ideal for gardening and household use.
7. Implementing rainwater harvesting can significantly reduce water bills and reliance on municipal sources.
8. Educate communities on the benefits of rainwater harvesting for sustainability.
9. Collaborate with local authorities to promote rainwater harvesting regulations and incentives.
10. This practice contributes to water conservation and reduces stormwater runoff.
","Reduces demand on municipal water supply, cost-effective."
Clean/Reusable water,Ozonation,"1. Utilize ozone gas to disinfect water through a process known as ozonation.
2. Ozone effectively kills bacteria, viruses, and protozoa without leaving harmful residues.
3. Water is treated by introducing ozone into the water supply, where it reacts with contaminants.
4. This method is effective for treating drinking water, making it safe for consumption.
5. Regular monitoring of ozone levels and treatment efficacy is essential for safety.
6. Ozonation does not alter the taste or odor of water, improving overall quality.
7. This method is often used in municipal water treatment facilities and swimming pools.
8. Educate consumers about the benefits of ozonated water for health and safety.
9. Ozonation systems require proper maintenance and operation to ensure effectiveness.
10. This treatment method contributes to safer drinking water and reduced chemical usage.","Effective for disinfection, leaves no harmful residues."
Contaminated water,Sedimentation,"Note : ""If the water is very dark colored, it is advised not to reuse it and to dispose of it safely. Otherwise, please follow the instructions of the method below.""                   1. Fill a container with water.
2. Let the water sit undisturbed for several hours or overnight.
3. Allow heavy particles and sediments to settle at the bottom of the container.
4. Carefully pour the clear water into another container without disturbing the sediment.
5. If desired, filter the water through a clean cloth or coffee filter for additional clarity.
6. This method helps to separate large contaminants, making the water clearer.
7. Use the sedimented water for non-potable purposes such as irrigation or cleaning outdoor surfaces.
8. Always ensure the water is safe before using it for any gardening activities.
9. Ideal for simple situations where chemical treatment isn't available.
10. Regularly practice this method to manage water resources effectively",Low cost and simple to do at home.
Contaminated water,Bleach Disinfection,"Note : ""If the water is very dark colored, it is advised not to reuse it and to dispose of it safely. Otherwise, please follow the instructions of the method below.""                   1. Add 2 drops of unscented household bleach to 1 liter of water.
2. Stir the mixture thoroughly to ensure even distribution.
3. Allow the water to sit for at least 30 minutes to ensure disinfection.
4. Check for a slight chlorine smell; if none is detectable, repeat the addition of bleach.
5. This method is effective for killing bacteria and viruses.
6. Use this treated water for cleaning surfaces, washing dishes, or in emergencies.
7. Avoid using bleach if the water is intended for drinking, as the chlorine can be harmful in high doses.
8. This method is a quick and effective way to disinfect water when clean water is unavailable.
9. Always store treated water in a clean, covered container to prevent recontamination.
10. Regular monitoring of the water quality can help ensure safety.",Effective for killing pathogens in emergencies.
Partially Reclaimable water,Reuse for Floor Washing,"1. Collect greywater from washing dishes or laundry.
2. Ensure that the water is free of harmful chemicals and food debris.
3. Pour the collected greywater into a mop bucket.
4. Use this water to mop floors or clean outdoor patios.
5. This method helps to reduce water waste and is environmentally friendly.
6. After cleaning, the water can help to remove dirt without polluting the environment.
7. Make sure to check for any soap residue in the water before using it for cleaning.
8. Use this method regularly to conserve water and reduce the demand for fresh water.
9. Ideal for homes with gardens or outdoor areas that need maintenance.
10. Dispose of any leftover dirty water responsibly.",Reduces water waste and perfect for non-sensitive areas.
Partially Reclaimable water,Reuse for Toilet Flushing,"1. Collect water from sinks or showers in a bucket.
2. Manually pour the greywater into the toilet tank after use.
3. This method conserves potable water by recycling greywater.
4. Ensure the collected water is free from any harmful chemicals.
5. Use this water for flushing toilets, reducing the overall water consumption in the household.
6. This practice can significantly lower water bills and environmental impact.
7. Ideal for homes in areas with water scarcity.
8. It can also be beneficial during water supply interruptions.
9. Regularly check for leaks or issues with the toilet to ensure efficiency.
10. Always label the bucket used for collection to prevent confusion with drinking water containers.","Conserves potable water, easy to implement."
Partially Reclaimable water,Reuse for Washing Dishes,"1. After washing dishes with soap, collect the greywater in a basin.
2. Ensure the water is free from large food particles.
3. Use the greywater for rinsing dishes again to save fresh water.
4. If desired, strain the water to remove any remaining particles.
5. This method helps conserve water, making dishwashing more efficient.
6. Use this water for cleaning non-sensitive items, such as pots and pans.
7. It can also be used to water plants if it's free from harmful detergents.
8. Encourage family members to adopt this practice to maximize water savings.
9. Regular collection can lead to significant reductions in overall water usage.
10. Always consider the type of soap used to ensure safety for plants.",Simple way to reduce water consumption.
Treatable/Recyclable Water,Reuse for Laundry Pre-Washing,"1. Collect water from washing vegetables or rinsing dishes in a container.
2. Use this water to pre-wash dirty laundry before machine washing.
3. Soak heavily soiled items in the collected greywater for a few hours.
4. This method helps to loosen dirt and stains, making machine washing more efficient.
5. After soaking, proceed with normal washing in the machine with less water.
6. By reusing this water, you can significantly reduce fresh water consumption.
7. Ideal for homes with a high laundry demand.
8. Ensure the collected water is free from harsh chemicals to protect fabrics.
9. Regularly practice this method to maintain efficient laundry routines.
10. This practice promotes water conservation and environmental responsibility.",Maximizes water use without compromising cleanliness.
Treatable/Recyclable Water,Reuse for Bathroom Cleaning,"1. Collect greywater from showers or bathtubs in a bucket.
2. Use this water to clean bathroom surfaces, sinks, and tiles.
3. This method conserves potable water for essential uses.
4. Ensure the collected water is free from hair and soap residue before using it.
5. It is effective for cleaning non-sensitive surfaces without needing fresh water.
6. Make this a routine practice to keep bathrooms clean while conserving water.
7. Ideal for households with multiple bathrooms.
8. Regular cleaning prevents mold and mildew growth.
9. Encourage family members to participate in water conservation efforts.
10. Always ensure that the cleaning products used are eco-friendly.",Efficient for non-potable uses like cleaning.
Treatable/Recyclable Water,Reuse for Garden Watering,"1. Collect greywater from handwashing clothes or rinsing vegetables.
2. Ensure no harmful chemicals are present in the water.
3. Use this water to irrigate plants and gardens, especially during dry spells.
4. Watering plants with greywater can help to promote their growth.
5. Avoid using water from sources with high salt or chemical content.
6. Implement a system for regular collection to maximize use.
7. Ensure the water is applied directly to the soil, avoiding leaves to prevent disease.
8. Regularly monitor plants for health to assess the effectiveness of using greywater.
9. This method reduces overall water usage while benefiting your garden.
10. This practice can be particularly beneficial in drought-prone areas.",Saves water and benefits the environment.
Clean/Reusable water,Washing Cars with Rainwater,"1. Collect rainwater in buckets or storage tanks during rainfall.
2. Use this water to wash your car, reducing reliance on municipal water sources.
3. Rainwater is naturally soft and ideal for cleaning, leaving no mineral deposits.
4. Make sure to filter the rainwater to remove debris before using it.
5. This practice conserves freshwater and is environmentally friendly.
6. Regular washing can help maintain your car's exterior and prevent rust.
7. Encourage friends and family to adopt similar practices.
8. This method can significantly lower water bills over time.
9. Ideal for households with access to a rainwater collection system.
10. Always check for compliance with local regulations regarding rainwater use.",Eco-friendly and reduces water bills.
Clean/Reusable water,Reuse for Window Cleaning,"1. Collect clean greywater from sinks or showers in a bucket.
2. Use it to wash windows and outdoor glass surfaces, saving fresh water.
3. Ensure the water is free from soap residues for better cleaning effectiveness.
4. This practice helps reduce overall water consumption in the household.
5. Use a microfiber cloth or squeegee for a streak-free finish.
6. Regularly practice this to maintain cleanliness while conserving water.
7. Ideal for homes with large glass areas or frequent window cleaning needs.
8. Encourage family members to participate in water-saving practices.
9. This method helps to keep your home looking clean and welcoming.
10 Always dispose of any leftover cleaning solution responsibly.",Helps reduce water waste and is easy to implement.
Clean/Reusable water,Reuse for Plant Watering,"1. Collect clean water from rinsing fruits and vegetables in a bowl.
2. Use it to water indoor plants or gardens, promoting healthy growth.
3. This practice helps conserve potable water for essential uses.
4. Ensure that the collected water is free from pesticides or chemicals.
5. Use this water for any non-sensitive plants that benefit from nutrient-rich greywater.
6. Regularly practice this to support plant health while conserving resources.
7. Ideal for households with many plants needing regular watering.
8. Encourage friends to adopt similar practices for their gardens.
9. Monitor plant health to assess the effectiveness of using reused water.
10. This method contributes to a sustainable lifestyle.",Simple way to conserve water and promote plant health.